AdditionalMWPTarget2,MWP,96,Target,,
AdditionalMWPTarget1,MWP,96,Target,,
SlideAdapter1,SMT,NONE,Target,,
SlideAdapter2,SMT,NONE,Target,,
17061E09131DF3000,P90,NONE,Source,,
reagentMWP,MWP,96,Source,tallReagentsMWP_test,
17061E09131DF3000,-35.751,2.875,SlideAdapter1,-26.85,39.05
reagentMWP,A,2,SlideAdapter1,-26.85,39.05
17061E09131DF3000,-34.868,-15.052,SlideAdapter1,-26.85,43.55
reagentMWP,A,2,SlideAdapter1,-26.85,43.55
17061E09131DF3000,-34.369,-14.758,SlideAdapter1,-26.85,48.05
reagentMWP,A,2,SlideAdapter1,-26.85,48.05
17061E09131DF3000,-34.180,-14.665,SlideAdapter1,-22.35,34.55
reagentMWP,A,2,SlideAdapter1,-22.35,34.55
17061E09131DF3000,-34.022,11.113,SlideAdapter1,-22.35,39.05
reagentMWP,A,2,SlideAdapter1,-22.35,39.05
17061E09131DF3000,-32.991,11.050,SlideAdapter1,-22.35,43.55
reagentMWP,A,2,SlideAdapter1,-22.35,43.55
17061E09131DF3000,-32.162,11.107,SlideAdapter1,-22.35,48.05
reagentMWP,A,2,SlideAdapter1,-22.35,48.05
17061E09131DF3000,-30.419,10.216,SlideAdapter1,-17.85,34.55
reagentMWP,A,2,SlideAdapter1,-17.85,34.55
17061E09131DF3000,-25.596,-27.350,SlideAdapter1,-17.85,39.05
reagentMWP,A,2,SlideAdapter1,-17.85,39.05
17061E09131DF3000,-24.890,-27.071,SlideAdapter1,-17.85,43.55
reagentMWP,A,2,SlideAdapter1,-17.85,43.55
17061E09131DF3000,-23.062,-30.128,SlideAdapter1,-17.85,48.05
reagentMWP,A,2,SlideAdapter1,-17.85,48.05
17061E09131DF3000,-22.567,-29.069,SlideAdapter1,-13.35,34.55
reagentMWP,A,2,SlideAdapter1,-13.35,34.55
17061E09131DF3000,-21.385,-13.579,SlideAdapter1,-13.35,39.05
reagentMWP,A,2,SlideAdapter1,-13.35,39.05
17061E09131DF3000,-20.188,-11.806,SlideAdapter1,-13.35,43.55
reagentMWP,A,2,SlideAdapter1,-13.35,43.55
17061E09131DF3000,-20.160,5.496,SlideAdapter1,-13.35,48.05
reagentMWP,A,2,SlideAdapter1,-13.35,48.05
17061E09131DF3000,-20.086,-27.817,SlideAdapter1,-8.85,34.55
reagentMWP,A,2,SlideAdapter1,-8.85,34.55
17061E09131DF3000,-19.454,-29.402,SlideAdapter1,-8.85,39.05
reagentMWP,A,2,SlideAdapter1,-8.85,39.05
17061E09131DF3000,-19.234,31.500,SlideAdapter1,-8.85,43.55
reagentMWP,A,2,SlideAdapter1,-8.85,43.55
17061E09131DF3000,-19.115,-12.279,SlideAdapter1,-8.85,48.05
reagentMWP,A,2,SlideAdapter1,-8.85,48.05
17061E09131DF3000,-18.750,15.986,SlideAdapter1,-4.35,34.55
reagentMWP,A,2,SlideAdapter1,-4.35,34.55
17061E09131DF3000,-18.429,-1.724,SlideAdapter1,-4.35,39.05
reagentMWP,A,2,SlideAdapter1,-4.35,39.05
17061E09131DF3000,-18.072,10.609,SlideAdapter1,-4.35,43.55
reagentMWP,A,2,SlideAdapter1,-4.35,43.55
17061E09131DF3000,-17.891,-13.444,SlideAdapter1,-4.35,48.05
reagentMWP,A,2,SlideAdapter1,-4.35,48.05
17061E09131DF3000,-17.334,-3.299,SlideAdapter1,0.15,34.55
reagentMWP,A,2,SlideAdapter1,0.15,34.55
17061E09131DF3000,-17.103,-27.979,SlideAdapter1,0.15,39.05
reagentMWP,A,2,SlideAdapter1,0.15,39.05
17061E09131DF3000,-16.648,-16.644,SlideAdapter1,0.15,43.55
reagentMWP,A,2,SlideAdapter1,0.15,43.55
17061E09131DF3000,-16.143,13.166,SlideAdapter1,0.15,48.05
reagentMWP,A,2,SlideAdapter1,0.15,48.05
17061E09131DF3000,-15.852,20.153,SlideAdapter1,4.65,34.55
reagentMWP,A,2,SlideAdapter1,4.65,34.55
17061E09131DF3000,-15.672,14.458,SlideAdapter1,4.65,39.05
reagentMWP,A,2,SlideAdapter1,4.65,39.05
17061E09131DF3000,-15.151,19.875,SlideAdapter1,4.65,43.55
reagentMWP,A,2,SlideAdapter1,4.65,43.55
17061E09131DF3000,-14.914,15.516,SlideAdapter1,4.65,48.05
reagentMWP,A,2,SlideAdapter1,4.65,48.05
17061E09131DF3000,-14.837,-18.090,SlideAdapter1,9.15,34.55
reagentMWP,A,2,SlideAdapter1,9.15,34.55
17061E09131DF3000,-14.581,-13.089,SlideAdapter1,9.15,39.05
reagentMWP,A,2,SlideAdapter1,9.15,39.05
17061E09131DF3000,-14.568,-4.934,SlideAdapter1,9.15,43.55
reagentMWP,A,2,SlideAdapter1,9.15,43.55
17061E09131DF3000,-14.355,9.036,SlideAdapter1,9.15,48.05
reagentMWP,A,2,SlideAdapter1,9.15,48.05
17061E09131DF3000,-14.044,1.757,SlideAdapter1,13.65,34.55
reagentMWP,A,2,SlideAdapter1,13.65,34.55
17061E09131DF3000,-14.010,-14.466,SlideAdapter1,13.65,39.05
reagentMWP,A,2,SlideAdapter1,13.65,39.05
17061E09131DF3000,-13.337,-7.006,SlideAdapter1,13.65,43.55
reagentMWP,A,2,SlideAdapter1,13.65,43.55
17061E09131DF3000,-12.873,-19.908,SlideAdapter1,13.65,48.05
reagentMWP,A,2,SlideAdapter1,13.65,48.05
17061E09131DF3000,-12.757,-9.259,SlideAdapter1,18.15,34.55
reagentMWP,A,2,SlideAdapter1,18.15,34.55
17061E09131DF3000,-12.632,-20.978,SlideAdapter1,18.15,39.05
reagentMWP,A,2,SlideAdapter1,18.15,39.05
17061E09131DF3000,-12.377,5.689,SlideAdapter1,18.15,43.55
reagentMWP,A,2,SlideAdapter1,18.15,43.55
17061E09131DF3000,-12.339,-27.512,SlideAdapter1,18.15,48.05
reagentMWP,A,2,SlideAdapter1,18.15,48.05
17061E09131DF3000,-11.783,-15.759,SlideAdapter1,22.65,34.55
reagentMWP,A,2,SlideAdapter1,22.65,34.55
17061E09131DF3000,-11.468,-21.467,SlideAdapter1,22.65,39.05
reagentMWP,A,2,SlideAdapter1,22.65,39.05
17061E09131DF3000,-11.363,-14.190,SlideAdapter1,22.65,43.55
reagentMWP,A,2,SlideAdapter1,22.65,43.55
17061E09131DF3000,-11.361,-35.613,SlideAdapter1,22.65,48.05
reagentMWP,A,2,SlideAdapter1,22.65,48.05
reagentMWP,A,1,SlideAdapter1,-26.85,39.05
reagentMWP,A,1,SlideAdapter1,-26.85,39.05
reagentMWP,A,1,SlideAdapter1,-26.85,43.55
reagentMWP,A,1,SlideAdapter1,-26.85,43.55
reagentMWP,A,1,SlideAdapter1,-26.85,48.05
reagentMWP,A,1,SlideAdapter1,-26.85,48.05
reagentMWP,A,1,SlideAdapter1,-22.35,34.55
reagentMWP,A,1,SlideAdapter1,-22.35,34.55
reagentMWP,A,1,SlideAdapter1,-22.35,39.05
reagentMWP,A,1,SlideAdapter1,-22.35,39.05
reagentMWP,A,1,SlideAdapter1,-22.35,43.55
reagentMWP,A,1,SlideAdapter1,-22.35,43.55
reagentMWP,A,1,SlideAdapter1,-22.35,48.05
reagentMWP,A,1,SlideAdapter1,-22.35,48.05
reagentMWP,A,1,SlideAdapter1,-17.85,34.55
reagentMWP,A,1,SlideAdapter1,-17.85,34.55
reagentMWP,A,1,SlideAdapter1,-17.85,39.05
reagentMWP,A,1,SlideAdapter1,-17.85,39.05
reagentMWP,A,1,SlideAdapter1,-17.85,43.55
reagentMWP,A,1,SlideAdapter1,-17.85,43.55
reagentMWP,A,1,SlideAdapter1,-17.85,48.05
reagentMWP,A,1,SlideAdapter1,-17.85,48.05
reagentMWP,A,1,SlideAdapter1,-13.35,34.55
reagentMWP,A,1,SlideAdapter1,-13.35,34.55
reagentMWP,A,1,SlideAdapter1,-13.35,39.05
reagentMWP,A,1,SlideAdapter1,-13.35,39.05
reagentMWP,A,1,SlideAdapter1,-13.35,43.55
reagentMWP,A,1,SlideAdapter1,-13.35,43.55
reagentMWP,A,1,SlideAdapter1,-13.35,48.05
reagentMWP,A,1,SlideAdapter1,-13.35,48.05
reagentMWP,A,1,SlideAdapter1,-8.85,34.55
reagentMWP,A,1,SlideAdapter1,-8.85,34.55
reagentMWP,A,1,SlideAdapter1,-8.85,39.05
reagentMWP,A,1,SlideAdapter1,-8.85,39.05
reagentMWP,A,1,SlideAdapter1,-8.85,43.55
reagentMWP,A,1,SlideAdapter1,-8.85,43.55
reagentMWP,A,1,SlideAdapter1,-8.85,48.05
reagentMWP,A,1,SlideAdapter1,-8.85,48.05
reagentMWP,A,1,SlideAdapter1,-4.35,34.55
reagentMWP,A,1,SlideAdapter1,-4.35,34.55
reagentMWP,A,1,SlideAdapter1,-4.35,39.05
reagentMWP,A,1,SlideAdapter1,-4.35,39.05
reagentMWP,A,1,SlideAdapter1,-4.35,43.55
reagentMWP,A,1,SlideAdapter1,-4.35,43.55
reagentMWP,A,1,SlideAdapter1,-4.35,48.05
reagentMWP,A,1,SlideAdapter1,-4.35,48.05
reagentMWP,A,1,SlideAdapter1,0.15,34.55
reagentMWP,A,1,SlideAdapter1,0.15,34.55
reagentMWP,A,1,SlideAdapter1,0.15,39.05
reagentMWP,A,1,SlideAdapter1,0.15,39.05
reagentMWP,A,1,SlideAdapter1,0.15,43.55
reagentMWP,A,1,SlideAdapter1,0.15,43.55
reagentMWP,A,1,SlideAdapter1,0.15,48.05
reagentMWP,A,1,SlideAdapter1,0.15,48.05
reagentMWP,A,1,SlideAdapter1,4.65,34.55
reagentMWP,A,1,SlideAdapter1,4.65,34.55
reagentMWP,A,1,SlideAdapter1,4.65,39.05
reagentMWP,A,1,SlideAdapter1,4.65,39.05
reagentMWP,A,1,SlideAdapter1,4.65,43.55
reagentMWP,A,1,SlideAdapter1,4.65,43.55
reagentMWP,A,1,SlideAdapter1,4.65,48.05
reagentMWP,A,1,SlideAdapter1,4.65,48.05
reagentMWP,A,1,SlideAdapter1,9.15,34.55
reagentMWP,A,1,SlideAdapter1,9.15,34.55
reagentMWP,A,1,SlideAdapter1,9.15,39.05
reagentMWP,A,1,SlideAdapter1,9.15,39.05
reagentMWP,A,1,SlideAdapter1,9.15,43.55
reagentMWP,A,1,SlideAdapter1,9.15,43.55
reagentMWP,A,1,SlideAdapter1,9.15,48.05
reagentMWP,A,1,SlideAdapter1,9.15,48.05
reagentMWP,A,1,SlideAdapter1,13.65,34.55
reagentMWP,A,1,SlideAdapter1,13.65,34.55
reagentMWP,A,1,SlideAdapter1,13.65,39.05
reagentMWP,A,1,SlideAdapter1,13.65,39.05
reagentMWP,A,1,SlideAdapter1,13.65,43.55
reagentMWP,A,1,SlideAdapter1,13.65,43.55
reagentMWP,A,1,SlideAdapter1,13.65,48.05
reagentMWP,A,1,SlideAdapter1,13.65,48.05
reagentMWP,A,1,SlideAdapter1,18.15,34.55
reagentMWP,A,1,SlideAdapter1,18.15,34.55
reagentMWP,A,1,SlideAdapter1,18.15,39.05
reagentMWP,A,1,SlideAdapter1,18.15,39.05
reagentMWP,A,1,SlideAdapter1,18.15,43.55
reagentMWP,A,1,SlideAdapter1,18.15,43.55
reagentMWP,A,1,SlideAdapter1,18.15,48.05
reagentMWP,A,1,SlideAdapter1,18.15,48.05
reagentMWP,A,1,SlideAdapter1,22.65,34.55
reagentMWP,A,1,SlideAdapter1,22.65,34.55
reagentMWP,A,1,SlideAdapter1,22.65,39.05
reagentMWP,A,1,SlideAdapter1,22.65,39.05
reagentMWP,A,1,SlideAdapter1,22.65,43.55
reagentMWP,A,1,SlideAdapter1,22.65,43.55
reagentMWP,A,1,SlideAdapter1,22.65,48.05
reagentMWP,A,1,SlideAdapter1,22.65,48.05
17061E09131DF3000,-11.190,-6.959,SlideAdapter2,-26.85,-50.35
reagentMWP,A,2,SlideAdapter2,-26.85,-50.35
17061E09131DF3000,-11.172,-26.520,SlideAdapter2,-26.85,-45.85
reagentMWP,A,2,SlideAdapter2,-26.85,-45.85
17061E09131DF3000,-10.553,-19.828,SlideAdapter2,-26.85,-41.35
reagentMWP,A,2,SlideAdapter2,-26.85,-41.35
17061E09131DF3000,-10.413,-11.937,SlideAdapter2,-26.85,-36.85
reagentMWP,A,2,SlideAdapter2,-26.85,-36.85
17061E09131DF3000,-10.379,-17.190,SlideAdapter2,-22.35,-50.35
reagentMWP,A,2,SlideAdapter2,-22.35,-50.35
17061E09131DF3000,-10.120,15.186,SlideAdapter2,-22.35,-45.85
reagentMWP,A,2,SlideAdapter2,-22.35,-45.85
17061E09131DF3000,-9.863,2.844,SlideAdapter2,-22.35,-41.35
reagentMWP,A,2,SlideAdapter2,-22.35,-41.35
17061E09131DF3000,-9.151,-7.975,SlideAdapter2,-22.35,-36.85
reagentMWP,A,2,SlideAdapter2,-22.35,-36.85
17061E09131DF3000,-9.057,-24.277,SlideAdapter2,-17.85,-50.35
reagentMWP,A,2,SlideAdapter2,-17.85,-50.35
17061E09131DF3000,-8.915,-25.308,SlideAdapter2,-17.85,-45.85
reagentMWP,A,2,SlideAdapter2,-17.85,-45.85
17061E09131DF3000,-8.627,-6.769,SlideAdapter2,-17.85,-41.35
reagentMWP,A,2,SlideAdapter2,-17.85,-41.35
17061E09131DF3000,-8.565,-34.663,SlideAdapter2,-17.85,-36.85
reagentMWP,A,2,SlideAdapter2,-17.85,-36.85
17061E09131DF3000,-8.384,11.860,SlideAdapter2,-13.35,-50.35
reagentMWP,A,2,SlideAdapter2,-13.35,-50.35
17061E09131DF3000,-8.052,-28.544,SlideAdapter2,-13.35,-45.85
reagentMWP,A,2,SlideAdapter2,-13.35,-45.85
17061E09131DF3000,-7.932,-27.995,SlideAdapter2,-13.35,-41.35
reagentMWP,A,2,SlideAdapter2,-13.35,-41.35
17061E09131DF3000,-7.748,15.019,SlideAdapter2,-13.35,-36.85
reagentMWP,A,2,SlideAdapter2,-13.35,-36.85
17061E09131DF3000,-7.684,7.804,SlideAdapter2,-8.85,-50.35
reagentMWP,A,2,SlideAdapter2,-8.85,-50.35
17061E09131DF3000,-7.586,5.297,SlideAdapter2,-8.85,-45.85
reagentMWP,A,2,SlideAdapter2,-8.85,-45.85
17061E09131DF3000,-7.324,-33.876,SlideAdapter2,-8.85,-41.35
reagentMWP,A,2,SlideAdapter2,-8.85,-41.35
17061E09131DF3000,-7.320,-27.811,SlideAdapter2,-8.85,-36.85
reagentMWP,A,2,SlideAdapter2,-8.85,-36.85
17061E09131DF3000,-7.098,-23.706,SlideAdapter2,-4.35,-50.35
reagentMWP,A,2,SlideAdapter2,-4.35,-50.35
17061E09131DF3000,-7.018,2.341,SlideAdapter2,-4.35,-45.85
reagentMWP,A,2,SlideAdapter2,-4.35,-45.85
17061E09131DF3000,-6.847,-10.136,SlideAdapter2,-4.35,-41.35
reagentMWP,A,2,SlideAdapter2,-4.35,-41.35
17061E09131DF3000,-6.759,-12.410,SlideAdapter2,-4.35,-36.85
reagentMWP,A,2,SlideAdapter2,-4.35,-36.85
17061E09131DF3000,-5.891,26.898,SlideAdapter2,0.15,-50.35
reagentMWP,A,2,SlideAdapter2,0.15,-50.35
17061E09131DF3000,-5.890,35.903,SlideAdapter2,0.15,-45.85
reagentMWP,A,2,SlideAdapter2,0.15,-45.85
17061E09131DF3000,-5.547,-31.217,SlideAdapter2,0.15,-41.35
reagentMWP,A,2,SlideAdapter2,0.15,-41.35
17061E09131DF3000,-4.481,-14.312,SlideAdapter2,0.15,-36.85
reagentMWP,A,2,SlideAdapter2,0.15,-36.85
17061E09131DF3000,-4.171,14.186,SlideAdapter2,4.65,-50.35
reagentMWP,A,2,SlideAdapter2,4.65,-50.35
17061E09131DF3000,-3.795,18.866,SlideAdapter2,4.65,-45.85
reagentMWP,A,2,SlideAdapter2,4.65,-45.85
17061E09131DF3000,-3.690,30.975,SlideAdapter2,4.65,-41.35
reagentMWP,A,2,SlideAdapter2,4.65,-41.35
17061E09131DF3000,-3.606,-3.404,SlideAdapter2,4.65,-36.85
reagentMWP,A,2,SlideAdapter2,4.65,-36.85
17061E09131DF3000,-3.349,-16.764,SlideAdapter2,9.15,-50.35
reagentMWP,A,2,SlideAdapter2,9.15,-50.35
17061E09131DF3000,-3.333,10.328,SlideAdapter2,9.15,-45.85
reagentMWP,A,2,SlideAdapter2,9.15,-45.85
17061E09131DF3000,-3.292,-2.059,SlideAdapter2,9.15,-41.35
reagentMWP,A,2,SlideAdapter2,9.15,-41.35
17061E09131DF3000,-3.224,-25.337,SlideAdapter2,9.15,-36.85
reagentMWP,A,2,SlideAdapter2,9.15,-36.85
17061E09131DF3000,-3.154,-10.494,SlideAdapter2,13.65,-50.35
reagentMWP,A,2,SlideAdapter2,13.65,-50.35
17061E09131DF3000,-2.904,13.525,SlideAdapter2,13.65,-45.85
reagentMWP,A,2,SlideAdapter2,13.65,-45.85
17061E09131DF3000,-2.890,-10.495,SlideAdapter2,13.65,-41.35
reagentMWP,A,2,SlideAdapter2,13.65,-41.35
17061E09131DF3000,-2.711,-16.125,SlideAdapter2,13.65,-36.85
reagentMWP,A,2,SlideAdapter2,13.65,-36.85
17061E09131DF3000,-2.520,6.908,SlideAdapter2,18.15,-50.35
reagentMWP,A,2,SlideAdapter2,18.15,-50.35
17061E09131DF3000,-2.504,-35.373,SlideAdapter2,18.15,-45.85
reagentMWP,A,2,SlideAdapter2,18.15,-45.85
17061E09131DF3000,-2.495,-35.102,SlideAdapter2,18.15,-41.35
reagentMWP,A,2,SlideAdapter2,18.15,-41.35
17061E09131DF3000,-2.449,-36.118,SlideAdapter2,18.15,-36.85
reagentMWP,A,2,SlideAdapter2,18.15,-36.85
17061E09131DF3000,-2.249,-10.587,SlideAdapter2,22.65,-50.35
reagentMWP,A,2,SlideAdapter2,22.65,-50.35
17061E09131DF3000,-2.168,-11.233,SlideAdapter2,22.65,-45.85
reagentMWP,A,2,SlideAdapter2,22.65,-45.85
17061E09131DF3000,-2.071,25.445,SlideAdapter2,22.65,-41.35
reagentMWP,A,2,SlideAdapter2,22.65,-41.35
17061E09131DF3000,-1.866,28.780,SlideAdapter2,22.65,-36.85
reagentMWP,A,2,SlideAdapter2,22.65,-36.85
17061E09131DF3000,-1.801,6.808,SlideAdapter2,-26.85,-22.05
reagentMWP,A,2,SlideAdapter2,-26.85,-22.05
17061E09131DF3000,-1.779,-10.147,SlideAdapter2,-26.85,-17.55
reagentMWP,A,2,SlideAdapter2,-26.85,-17.55
17061E09131DF3000,-1.548,-31.178,SlideAdapter2,-26.85,-13.05
reagentMWP,A,2,SlideAdapter2,-26.85,-13.05
17061E09131DF3000,-0.974,37.087,SlideAdapter2,-26.85,-8.55
reagentMWP,A,2,SlideAdapter2,-26.85,-8.55
17061E09131DF3000,-0.883,10.512,SlideAdapter2,-22.35,-22.05
reagentMWP,A,2,SlideAdapter2,-22.35,-22.05
17061E09131DF3000,-0.592,-24.561,SlideAdapter2,-22.35,-17.55
reagentMWP,A,2,SlideAdapter2,-22.35,-17.55
17061E09131DF3000,-0.489,-23.613,SlideAdapter2,-22.35,-13.05
reagentMWP,A,2,SlideAdapter2,-22.35,-13.05
17061E09131DF3000,-0.060,10.670,SlideAdapter2,-22.35,-8.55
reagentMWP,A,2,SlideAdapter2,-22.35,-8.55
17061E09131DF3000,0.127,-36.501,SlideAdapter2,-17.85,-22.05
reagentMWP,A,2,SlideAdapter2,-17.85,-22.05
17061E09131DF3000,0.389,-18.553,SlideAdapter2,-17.85,-17.55
reagentMWP,A,2,SlideAdapter2,-17.85,-17.55
17061E09131DF3000,0.521,-18.072,SlideAdapter2,-17.85,-13.05
reagentMWP,A,2,SlideAdapter2,-17.85,-13.05
17061E09131DF3000,0.813,5.164,SlideAdapter2,-17.85,-8.55
reagentMWP,A,2,SlideAdapter2,-17.85,-8.55
17061E09131DF3000,1.150,6.073,SlideAdapter2,-13.35,-22.05
reagentMWP,A,2,SlideAdapter2,-13.35,-22.05
17061E09131DF3000,1.169,18.747,SlideAdapter2,-13.35,-17.55
reagentMWP,A,2,SlideAdapter2,-13.35,-17.55
17061E09131DF3000,2.380,-16.585,SlideAdapter2,-13.35,-13.05
reagentMWP,A,2,SlideAdapter2,-13.35,-13.05
17061E09131DF3000,2.459,-20.733,SlideAdapter2,-13.35,-8.55
reagentMWP,A,2,SlideAdapter2,-13.35,-8.55
17061E09131DF3000,2.543,-5.365,SlideAdapter2,-8.85,-22.05
reagentMWP,A,2,SlideAdapter2,-8.85,-22.05
17061E09131DF3000,2.833,7.780,SlideAdapter2,-8.85,-17.55
reagentMWP,A,2,SlideAdapter2,-8.85,-17.55
17061E09131DF3000,3.334,-12.144,SlideAdapter2,-8.85,-13.05
reagentMWP,A,2,SlideAdapter2,-8.85,-13.05
17061E09131DF3000,3.486,37.565,SlideAdapter2,-8.85,-8.55
reagentMWP,A,2,SlideAdapter2,-8.85,-8.55
17061E09131DF3000,3.521,-33.332,SlideAdapter2,-4.35,-22.05
reagentMWP,A,2,SlideAdapter2,-4.35,-22.05
17061E09131DF3000,4.105,-30.770,SlideAdapter2,-4.35,-17.55
reagentMWP,A,2,SlideAdapter2,-4.35,-17.55
17061E09131DF3000,4.650,1.300,SlideAdapter2,-4.35,-13.05
reagentMWP,A,2,SlideAdapter2,-4.35,-13.05
17061E09131DF3000,4.966,-3.162,SlideAdapter2,-4.35,-8.55
reagentMWP,A,2,SlideAdapter2,-4.35,-8.55
17061E09131DF3000,5.022,-21.562,SlideAdapter2,0.15,-22.05
reagentMWP,A,2,SlideAdapter2,0.15,-22.05
17061E09131DF3000,5.114,-16.573,SlideAdapter2,0.15,-17.55
reagentMWP,A,2,SlideAdapter2,0.15,-17.55
17061E09131DF3000,5.118,-1.021,SlideAdapter2,0.15,-13.05
reagentMWP,A,2,SlideAdapter2,0.15,-13.05
17061E09131DF3000,5.214,-5.539,SlideAdapter2,0.15,-8.55
reagentMWP,A,2,SlideAdapter2,0.15,-8.55
17061E09131DF3000,5.267,21.310,SlideAdapter2,4.65,-22.05
reagentMWP,A,2,SlideAdapter2,4.65,-22.05
17061E09131DF3000,5.452,4.593,SlideAdapter2,4.65,-17.55
reagentMWP,A,2,SlideAdapter2,4.65,-17.55
17061E09131DF3000,5.463,10.419,SlideAdapter2,4.65,-13.05
reagentMWP,A,2,SlideAdapter2,4.65,-13.05
17061E09131DF3000,5.578,-16.223,SlideAdapter2,4.65,-8.55
reagentMWP,A,2,SlideAdapter2,4.65,-8.55
17061E09131DF3000,6.024,18.852,SlideAdapter2,9.15,-22.05
reagentMWP,A,2,SlideAdapter2,9.15,-22.05
17061E09131DF3000,6.486,2.665,SlideAdapter2,9.15,-17.55
reagentMWP,A,2,SlideAdapter2,9.15,-17.55
17061E09131DF3000,6.563,-19.189,SlideAdapter2,9.15,-13.05
reagentMWP,A,2,SlideAdapter2,9.15,-13.05
17061E09131DF3000,6.597,-29.742,SlideAdapter2,9.15,-8.55
reagentMWP,A,2,SlideAdapter2,9.15,-8.55
17061E09131DF3000,6.628,-32.662,SlideAdapter2,13.65,-22.05
reagentMWP,A,2,SlideAdapter2,13.65,-22.05
17061E09131DF3000,6.774,32.931,SlideAdapter2,13.65,-17.55
reagentMWP,A,2,SlideAdapter2,13.65,-17.55
17061E09131DF3000,6.895,-12.389,SlideAdapter2,13.65,-13.05
reagentMWP,A,2,SlideAdapter2,13.65,-13.05
17061E09131DF3000,7.320,-34.803,SlideAdapter2,13.65,-8.55
reagentMWP,A,2,SlideAdapter2,13.65,-8.55
17061E09131DF3000,7.654,-4.749,SlideAdapter2,18.15,-22.05
reagentMWP,A,2,SlideAdapter2,18.15,-22.05
17061E09131DF3000,7.744,-14.011,SlideAdapter2,18.15,-17.55
reagentMWP,A,2,SlideAdapter2,18.15,-17.55
17061E09131DF3000,8.053,-9.936,SlideAdapter2,18.15,-13.05
reagentMWP,A,2,SlideAdapter2,18.15,-13.05
17061E09131DF3000,8.239,-4.693,SlideAdapter2,18.15,-8.55
reagentMWP,A,2,SlideAdapter2,18.15,-8.55
17061E09131DF3000,8.531,3.904,SlideAdapter2,22.65,-22.05
reagentMWP,A,2,SlideAdapter2,22.65,-22.05
17061E09131DF3000,8.594,-3.604,SlideAdapter2,22.65,-17.55
reagentMWP,A,2,SlideAdapter2,22.65,-17.55
17061E09131DF3000,8.829,8.728,SlideAdapter2,22.65,-13.05
reagentMWP,A,2,SlideAdapter2,22.65,-13.05
17061E09131DF3000,9.011,12.010,SlideAdapter2,22.65,-8.55
reagentMWP,A,2,SlideAdapter2,22.65,-8.55
17061E09131DF3000,9.512,4.414,SlideAdapter2,-26.85,6.25
reagentMWP,A,2,SlideAdapter2,-26.85,6.25
17061E09131DF3000,9.537,-10.999,SlideAdapter2,-26.85,10.75
reagentMWP,A,2,SlideAdapter2,-26.85,10.75
17061E09131DF3000,9.814,-21.989,SlideAdapter2,-26.85,15.25
reagentMWP,A,2,SlideAdapter2,-26.85,15.25
17061E09131DF3000,10.364,-17.621,SlideAdapter2,-26.85,19.75
reagentMWP,A,2,SlideAdapter2,-26.85,19.75
17061E09131DF3000,10.430,-1.452,SlideAdapter2,-22.35,6.25
reagentMWP,A,2,SlideAdapter2,-22.35,6.25
17061E09131DF3000,10.469,16.264,SlideAdapter2,-22.35,10.75
reagentMWP,A,2,SlideAdapter2,-22.35,10.75
17061E09131DF3000,10.556,12.759,SlideAdapter2,-22.35,15.25
reagentMWP,A,2,SlideAdapter2,-22.35,15.25
17061E09131DF3000,10.922,-3.492,SlideAdapter2,-22.35,19.75
reagentMWP,A,2,SlideAdapter2,-22.35,19.75
17061E09131DF3000,11.387,-27.865,SlideAdapter2,-17.85,6.25
reagentMWP,A,2,SlideAdapter2,-17.85,6.25
17061E09131DF3000,11.448,14.813,SlideAdapter2,-17.85,10.75
reagentMWP,A,2,SlideAdapter2,-17.85,10.75
17061E09131DF3000,11.563,-2.960,SlideAdapter2,-17.85,15.25
reagentMWP,A,2,SlideAdapter2,-17.85,15.25
17061E09131DF3000,11.851,-6.684,SlideAdapter2,-17.85,19.75
reagentMWP,A,2,SlideAdapter2,-17.85,19.75
17061E09131DF3000,11.993,-16.960,SlideAdapter2,-13.35,6.25
reagentMWP,A,2,SlideAdapter2,-13.35,6.25
17061E09131DF3000,12.415,-14.314,SlideAdapter2,-13.35,10.75
reagentMWP,A,2,SlideAdapter2,-13.35,10.75
17061E09131DF3000,12.544,-21.123,SlideAdapter2,-13.35,15.25
reagentMWP,A,2,SlideAdapter2,-13.35,15.25
17061E09131DF3000,12.836,26.801,SlideAdapter2,-13.35,19.75
reagentMWP,A,2,SlideAdapter2,-13.35,19.75
17061E09131DF3000,12.841,-31.951,SlideAdapter2,-8.85,6.25
reagentMWP,A,2,SlideAdapter2,-8.85,6.25
17061E09131DF3000,12.943,-14.110,SlideAdapter2,-8.85,10.75
reagentMWP,A,2,SlideAdapter2,-8.85,10.75
17061E09131DF3000,13.190,-32.981,SlideAdapter2,-8.85,15.25
reagentMWP,A,2,SlideAdapter2,-8.85,15.25
17061E09131DF3000,13.831,-6.148,SlideAdapter2,-8.85,19.75
reagentMWP,A,2,SlideAdapter2,-8.85,19.75
17061E09131DF3000,13.905,-17.736,SlideAdapter2,-4.35,6.25
reagentMWP,A,2,SlideAdapter2,-4.35,6.25
17061E09131DF3000,14.084,-12.844,SlideAdapter2,-4.35,10.75
reagentMWP,A,2,SlideAdapter2,-4.35,10.75
17061E09131DF3000,14.911,16.461,SlideAdapter2,-4.35,15.25
reagentMWP,A,2,SlideAdapter2,-4.35,15.25
17061E09131DF3000,16.498,-28.614,SlideAdapter2,-4.35,19.75
reagentMWP,A,2,SlideAdapter2,-4.35,19.75
17061E09131DF3000,16.502,-10.498,SlideAdapter2,0.15,6.25
reagentMWP,A,2,SlideAdapter2,0.15,6.25
17061E09131DF3000,16.722,-32.773,SlideAdapter2,0.15,10.75
reagentMWP,A,2,SlideAdapter2,0.15,10.75
17061E09131DF3000,16.984,9.932,SlideAdapter2,0.15,15.25
reagentMWP,A,2,SlideAdapter2,0.15,15.25
17061E09131DF3000,17.352,2.845,SlideAdapter2,0.15,19.75
reagentMWP,A,2,SlideAdapter2,0.15,19.75
17061E09131DF3000,17.506,29.588,SlideAdapter2,4.65,6.25
reagentMWP,A,2,SlideAdapter2,4.65,6.25
17061E09131DF3000,17.530,6.428,SlideAdapter2,4.65,10.75
reagentMWP,A,2,SlideAdapter2,4.65,10.75
17061E09131DF3000,17.920,32.370,SlideAdapter2,4.65,15.25
reagentMWP,A,2,SlideAdapter2,4.65,15.25
17061E09131DF3000,18.168,6.180,SlideAdapter2,4.65,19.75
reagentMWP,A,2,SlideAdapter2,4.65,19.75
17061E09131DF3000,19.950,9.098,SlideAdapter2,9.15,6.25
reagentMWP,A,2,SlideAdapter2,9.15,6.25
17061E09131DF3000,20.188,-30.584,SlideAdapter2,9.15,10.75
reagentMWP,A,2,SlideAdapter2,9.15,10.75
17061E09131DF3000,21.882,29.854,SlideAdapter2,9.15,15.25
reagentMWP,A,2,SlideAdapter2,9.15,15.25
17061E09131DF3000,24.649,24.479,SlideAdapter2,9.15,19.75
reagentMWP,A,2,SlideAdapter2,9.15,19.75
17061E09131DF3000,26.217,-27.115,SlideAdapter2,13.65,6.25
reagentMWP,A,2,SlideAdapter2,13.65,6.25
17061E09131DF3000,26.654,-18.830,SlideAdapter2,13.65,10.75
reagentMWP,A,2,SlideAdapter2,13.65,10.75
17061E09131DF3000,27.111,2.387,SlideAdapter2,13.65,15.25
reagentMWP,A,2,SlideAdapter2,13.65,15.25
17061E09131DF3000,27.204,-17.349,SlideAdapter2,13.65,19.75
reagentMWP,A,2,SlideAdapter2,13.65,19.75
17061E09131DF3000,29.955,8.965,SlideAdapter2,18.15,6.25
reagentMWP,A,2,SlideAdapter2,18.15,6.25
17061E09131DF3000,30.230,-3.090,SlideAdapter2,18.15,10.75
reagentMWP,A,2,SlideAdapter2,18.15,10.75
17061E09131DF3000,30.594,7.007,SlideAdapter2,18.15,15.25
reagentMWP,A,2,SlideAdapter2,18.15,15.25
17061E09131DF3000,30.709,21.873,SlideAdapter2,18.15,19.75
reagentMWP,A,2,SlideAdapter2,18.15,19.75
17061E09131DF3000,31.162,-9.055,SlideAdapter2,22.65,6.25
reagentMWP,A,2,SlideAdapter2,22.65,6.25
17061E09131DF3000,32.934,8.419,SlideAdapter2,22.65,10.75
reagentMWP,A,2,SlideAdapter2,22.65,10.75
17061E09131DF3000,34.362,7.800,SlideAdapter2,22.65,15.25
reagentMWP,A,2,SlideAdapter2,22.65,15.25
17061E09131DF3000,35.776,-8.794,SlideAdapter2,22.65,19.75
reagentMWP,A,2,SlideAdapter2,22.65,19.75
reagentMWP,A,1,SlideAdapter2,-26.85,-50.35
reagentMWP,A,1,SlideAdapter2,-26.85,-50.35
reagentMWP,A,1,SlideAdapter2,-26.85,-45.85
reagentMWP,A,1,SlideAdapter2,-26.85,-45.85
reagentMWP,A,1,SlideAdapter2,-26.85,-41.35
reagentMWP,A,1,SlideAdapter2,-26.85,-41.35
reagentMWP,A,1,SlideAdapter2,-26.85,-36.85
reagentMWP,A,1,SlideAdapter2,-26.85,-36.85
reagentMWP,A,1,SlideAdapter2,-22.35,-50.35
reagentMWP,A,1,SlideAdapter2,-22.35,-50.35
reagentMWP,A,1,SlideAdapter2,-22.35,-45.85
reagentMWP,A,1,SlideAdapter2,-22.35,-45.85
reagentMWP,A,1,SlideAdapter2,-22.35,-41.35
reagentMWP,A,1,SlideAdapter2,-22.35,-41.35
reagentMWP,A,1,SlideAdapter2,-22.35,-36.85
reagentMWP,A,1,SlideAdapter2,-22.35,-36.85
reagentMWP,A,1,SlideAdapter2,-17.85,-50.35
reagentMWP,A,1,SlideAdapter2,-17.85,-50.35
reagentMWP,A,1,SlideAdapter2,-17.85,-45.85
reagentMWP,A,1,SlideAdapter2,-17.85,-45.85
reagentMWP,A,1,SlideAdapter2,-17.85,-41.35
reagentMWP,A,1,SlideAdapter2,-17.85,-41.35
reagentMWP,A,1,SlideAdapter2,-17.85,-36.85
reagentMWP,A,1,SlideAdapter2,-17.85,-36.85
reagentMWP,A,1,SlideAdapter2,-13.35,-50.35
reagentMWP,A,1,SlideAdapter2,-13.35,-50.35
reagentMWP,A,1,SlideAdapter2,-13.35,-45.85
reagentMWP,A,1,SlideAdapter2,-13.35,-45.85
reagentMWP,A,1,SlideAdapter2,-13.35,-41.35
reagentMWP,A,1,SlideAdapter2,-13.35,-41.35
reagentMWP,A,1,SlideAdapter2,-13.35,-36.85
reagentMWP,A,1,SlideAdapter2,-13.35,-36.85
reagentMWP,A,1,SlideAdapter2,-8.85,-50.35
reagentMWP,A,1,SlideAdapter2,-8.85,-50.35
reagentMWP,A,1,SlideAdapter2,-8.85,-45.85
reagentMWP,A,1,SlideAdapter2,-8.85,-45.85
reagentMWP,A,1,SlideAdapter2,-8.85,-41.35
reagentMWP,A,1,SlideAdapter2,-8.85,-41.35
reagentMWP,A,1,SlideAdapter2,-8.85,-36.85
reagentMWP,A,1,SlideAdapter2,-8.85,-36.85
reagentMWP,A,1,SlideAdapter2,-4.35,-50.35
reagentMWP,A,1,SlideAdapter2,-4.35,-50.35
reagentMWP,A,1,SlideAdapter2,-4.35,-45.85
reagentMWP,A,1,SlideAdapter2,-4.35,-45.85
reagentMWP,A,1,SlideAdapter2,-4.35,-41.35
reagentMWP,A,1,SlideAdapter2,-4.35,-41.35
reagentMWP,A,1,SlideAdapter2,-4.35,-36.85
reagentMWP,A,1,SlideAdapter2,-4.35,-36.85
reagentMWP,A,1,SlideAdapter2,0.15,-50.35
reagentMWP,A,1,SlideAdapter2,0.15,-50.35
reagentMWP,A,1,SlideAdapter2,0.15,-45.85
reagentMWP,A,1,SlideAdapter2,0.15,-45.85
reagentMWP,A,1,SlideAdapter2,0.15,-41.35
reagentMWP,A,1,SlideAdapter2,0.15,-41.35
reagentMWP,A,1,SlideAdapter2,0.15,-36.85
reagentMWP,A,1,SlideAdapter2,0.15,-36.85
reagentMWP,A,1,SlideAdapter2,4.65,-50.35
reagentMWP,A,1,SlideAdapter2,4.65,-50.35
reagentMWP,A,1,SlideAdapter2,4.65,-45.85
reagentMWP,A,1,SlideAdapter2,4.65,-45.85
reagentMWP,A,1,SlideAdapter2,4.65,-41.35
reagentMWP,A,1,SlideAdapter2,4.65,-41.35
reagentMWP,A,1,SlideAdapter2,4.65,-36.85
reagentMWP,A,1,SlideAdapter2,4.65,-36.85
reagentMWP,A,1,SlideAdapter2,9.15,-50.35
reagentMWP,A,1,SlideAdapter2,9.15,-50.35
reagentMWP,A,1,SlideAdapter2,9.15,-45.85
reagentMWP,A,1,SlideAdapter2,9.15,-45.85
reagentMWP,A,1,SlideAdapter2,9.15,-41.35
reagentMWP,A,1,SlideAdapter2,9.15,-41.35
reagentMWP,A,1,SlideAdapter2,9.15,-36.85
reagentMWP,A,1,SlideAdapter2,9.15,-36.85
reagentMWP,A,1,SlideAdapter2,13.65,-50.35
reagentMWP,A,1,SlideAdapter2,13.65,-50.35
reagentMWP,A,1,SlideAdapter2,13.65,-45.85
reagentMWP,A,1,SlideAdapter2,13.65,-45.85
reagentMWP,A,1,SlideAdapter2,13.65,-41.35
reagentMWP,A,1,SlideAdapter2,13.65,-41.35
reagentMWP,A,1,SlideAdapter2,13.65,-36.85
reagentMWP,A,1,SlideAdapter2,13.65,-36.85
reagentMWP,A,1,SlideAdapter2,18.15,-50.35
reagentMWP,A,1,SlideAdapter2,18.15,-50.35
reagentMWP,A,1,SlideAdapter2,18.15,-45.85
reagentMWP,A,1,SlideAdapter2,18.15,-45.85
reagentMWP,A,1,SlideAdapter2,18.15,-41.35
reagentMWP,A,1,SlideAdapter2,18.15,-41.35
reagentMWP,A,1,SlideAdapter2,18.15,-36.85
reagentMWP,A,1,SlideAdapter2,18.15,-36.85
reagentMWP,A,1,SlideAdapter2,22.65,-50.35
reagentMWP,A,1,SlideAdapter2,22.65,-50.35
reagentMWP,A,1,SlideAdapter2,22.65,-45.85
reagentMWP,A,1,SlideAdapter2,22.65,-45.85
reagentMWP,A,1,SlideAdapter2,22.65,-41.35
reagentMWP,A,1,SlideAdapter2,22.65,-41.35
reagentMWP,A,1,SlideAdapter2,22.65,-36.85
reagentMWP,A,1,SlideAdapter2,22.65,-36.85
reagentMWP,A,1,SlideAdapter2,-26.85,-22.05
reagentMWP,A,1,SlideAdapter2,-26.85,-22.05
reagentMWP,A,1,SlideAdapter2,-26.85,-17.55
reagentMWP,A,1,SlideAdapter2,-26.85,-17.55
reagentMWP,A,1,SlideAdapter2,-26.85,-13.05
reagentMWP,A,1,SlideAdapter2,-26.85,-13.05
reagentMWP,A,1,SlideAdapter2,-26.85,-8.55
reagentMWP,A,1,SlideAdapter2,-26.85,-8.55
reagentMWP,A,1,SlideAdapter2,-22.35,-22.05
reagentMWP,A,1,SlideAdapter2,-22.35,-22.05
reagentMWP,A,1,SlideAdapter2,-22.35,-17.55
reagentMWP,A,1,SlideAdapter2,-22.35,-17.55
reagentMWP,A,1,SlideAdapter2,-22.35,-13.05
reagentMWP,A,1,SlideAdapter2,-22.35,-13.05
reagentMWP,A,1,SlideAdapter2,-22.35,-8.55
reagentMWP,A,1,SlideAdapter2,-22.35,-8.55
reagentMWP,A,1,SlideAdapter2,-17.85,-22.05
reagentMWP,A,1,SlideAdapter2,-17.85,-22.05
reagentMWP,A,1,SlideAdapter2,-17.85,-17.55
reagentMWP,A,1,SlideAdapter2,-17.85,-17.55
reagentMWP,A,1,SlideAdapter2,-17.85,-13.05
reagentMWP,A,1,SlideAdapter2,-17.85,-13.05
reagentMWP,A,1,SlideAdapter2,-17.85,-8.55
reagentMWP,A,1,SlideAdapter2,-17.85,-8.55
reagentMWP,A,1,SlideAdapter2,-13.35,-22.05
reagentMWP,A,1,SlideAdapter2,-13.35,-22.05
reagentMWP,A,1,SlideAdapter2,-13.35,-17.55
reagentMWP,A,1,SlideAdapter2,-13.35,-17.55
reagentMWP,A,1,SlideAdapter2,-13.35,-13.05
reagentMWP,A,1,SlideAdapter2,-13.35,-13.05
reagentMWP,A,1,SlideAdapter2,-13.35,-8.55
reagentMWP,A,1,SlideAdapter2,-13.35,-8.55
reagentMWP,A,1,SlideAdapter2,-8.85,-22.05
reagentMWP,A,1,SlideAdapter2,-8.85,-22.05
reagentMWP,A,1,SlideAdapter2,-8.85,-17.55
reagentMWP,A,1,SlideAdapter2,-8.85,-17.55
reagentMWP,A,1,SlideAdapter2,-8.85,-13.05
reagentMWP,A,1,SlideAdapter2,-8.85,-13.05
reagentMWP,A,1,SlideAdapter2,-8.85,-8.55
reagentMWP,A,1,SlideAdapter2,-8.85,-8.55
reagentMWP,A,1,SlideAdapter2,-4.35,-22.05
reagentMWP,A,1,SlideAdapter2,-4.35,-22.05
reagentMWP,A,1,SlideAdapter2,-4.35,-17.55
reagentMWP,A,1,SlideAdapter2,-4.35,-17.55
reagentMWP,A,1,SlideAdapter2,-4.35,-13.05
reagentMWP,A,1,SlideAdapter2,-4.35,-13.05
reagentMWP,A,1,SlideAdapter2,-4.35,-8.55
reagentMWP,A,1,SlideAdapter2,-4.35,-8.55
reagentMWP,A,1,SlideAdapter2,0.15,-22.05
reagentMWP,A,1,SlideAdapter2,0.15,-22.05
reagentMWP,A,1,SlideAdapter2,0.15,-17.55
reagentMWP,A,1,SlideAdapter2,0.15,-17.55
reagentMWP,A,1,SlideAdapter2,0.15,-13.05
reagentMWP,A,1,SlideAdapter2,0.15,-13.05
reagentMWP,A,1,SlideAdapter2,0.15,-8.55
reagentMWP,A,1,SlideAdapter2,0.15,-8.55
reagentMWP,A,1,SlideAdapter2,4.65,-22.05
reagentMWP,A,1,SlideAdapter2,4.65,-22.05
reagentMWP,A,1,SlideAdapter2,4.65,-17.55
reagentMWP,A,1,SlideAdapter2,4.65,-17.55
reagentMWP,A,1,SlideAdapter2,4.65,-13.05
reagentMWP,A,1,SlideAdapter2,4.65,-13.05
reagentMWP,A,1,SlideAdapter2,4.65,-8.55
reagentMWP,A,1,SlideAdapter2,4.65,-8.55
reagentMWP,A,1,SlideAdapter2,9.15,-22.05
reagentMWP,A,1,SlideAdapter2,9.15,-22.05
reagentMWP,A,1,SlideAdapter2,9.15,-17.55
reagentMWP,A,1,SlideAdapter2,9.15,-17.55
reagentMWP,A,1,SlideAdapter2,9.15,-13.05
reagentMWP,A,1,SlideAdapter2,9.15,-13.05
reagentMWP,A,1,SlideAdapter2,9.15,-8.55
reagentMWP,A,1,SlideAdapter2,9.15,-8.55
reagentMWP,A,1,SlideAdapter2,13.65,-22.05
reagentMWP,A,1,SlideAdapter2,13.65,-22.05
reagentMWP,A,1,SlideAdapter2,13.65,-17.55
reagentMWP,A,1,SlideAdapter2,13.65,-17.55
reagentMWP,A,1,SlideAdapter2,13.65,-13.05
reagentMWP,A,1,SlideAdapter2,13.65,-13.05
reagentMWP,A,1,SlideAdapter2,13.65,-8.55
reagentMWP,A,1,SlideAdapter2,13.65,-8.55
reagentMWP,A,1,SlideAdapter2,18.15,-22.05
reagentMWP,A,1,SlideAdapter2,18.15,-22.05
reagentMWP,A,1,SlideAdapter2,18.15,-17.55
reagentMWP,A,1,SlideAdapter2,18.15,-17.55
reagentMWP,A,1,SlideAdapter2,18.15,-13.05
reagentMWP,A,1,SlideAdapter2,18.15,-13.05
reagentMWP,A,1,SlideAdapter2,18.15,-8.55
reagentMWP,A,1,SlideAdapter2,18.15,-8.55
reagentMWP,A,1,SlideAdapter2,22.65,-22.05
reagentMWP,A,1,SlideAdapter2,22.65,-22.05
reagentMWP,A,1,SlideAdapter2,22.65,-17.55
reagentMWP,A,1,SlideAdapter2,22.65,-17.55
reagentMWP,A,1,SlideAdapter2,22.65,-13.05
reagentMWP,A,1,SlideAdapter2,22.65,-13.05
reagentMWP,A,1,SlideAdapter2,22.65,-8.55
reagentMWP,A,1,SlideAdapter2,22.65,-8.55
reagentMWP,A,1,SlideAdapter2,-26.85,6.25
reagentMWP,A,1,SlideAdapter2,-26.85,6.25
reagentMWP,A,1,SlideAdapter2,-26.85,10.75
reagentMWP,A,1,SlideAdapter2,-26.85,10.75
reagentMWP,A,1,SlideAdapter2,-26.85,15.25
reagentMWP,A,1,SlideAdapter2,-26.85,15.25
reagentMWP,A,1,SlideAdapter2,-26.85,19.75
reagentMWP,A,1,SlideAdapter2,-26.85,19.75
reagentMWP,A,1,SlideAdapter2,-22.35,6.25
reagentMWP,A,1,SlideAdapter2,-22.35,6.25
reagentMWP,A,1,SlideAdapter2,-22.35,10.75
reagentMWP,A,1,SlideAdapter2,-22.35,10.75
reagentMWP,A,1,SlideAdapter2,-22.35,15.25
reagentMWP,A,1,SlideAdapter2,-22.35,15.25
reagentMWP,A,1,SlideAdapter2,-22.35,19.75
reagentMWP,A,1,SlideAdapter2,-22.35,19.75
reagentMWP,A,1,SlideAdapter2,-17.85,6.25
reagentMWP,A,1,SlideAdapter2,-17.85,6.25
reagentMWP,A,1,SlideAdapter2,-17.85,10.75
reagentMWP,A,1,SlideAdapter2,-17.85,10.75
reagentMWP,A,1,SlideAdapter2,-17.85,15.25
reagentMWP,A,1,SlideAdapter2,-17.85,15.25
reagentMWP,A,1,SlideAdapter2,-17.85,19.75
reagentMWP,A,1,SlideAdapter2,-17.85,19.75
reagentMWP,A,1,SlideAdapter2,-13.35,6.25
reagentMWP,A,1,SlideAdapter2,-13.35,6.25
reagentMWP,A,1,SlideAdapter2,-13.35,10.75
reagentMWP,A,1,SlideAdapter2,-13.35,10.75
reagentMWP,A,1,SlideAdapter2,-13.35,15.25
reagentMWP,A,1,SlideAdapter2,-13.35,15.25
reagentMWP,A,1,SlideAdapter2,-13.35,19.75
reagentMWP,A,1,SlideAdapter2,-13.35,19.75
reagentMWP,A,1,SlideAdapter2,-8.85,6.25
reagentMWP,A,1,SlideAdapter2,-8.85,6.25
reagentMWP,A,1,SlideAdapter2,-8.85,10.75
reagentMWP,A,1,SlideAdapter2,-8.85,10.75
reagentMWP,A,1,SlideAdapter2,-8.85,15.25
reagentMWP,A,1,SlideAdapter2,-8.85,15.25
reagentMWP,A,1,SlideAdapter2,-8.85,19.75
reagentMWP,A,1,SlideAdapter2,-8.85,19.75
reagentMWP,A,1,SlideAdapter2,-4.35,6.25
reagentMWP,A,1,SlideAdapter2,-4.35,6.25
reagentMWP,A,1,SlideAdapter2,-4.35,10.75
reagentMWP,A,1,SlideAdapter2,-4.35,10.75
reagentMWP,A,1,SlideAdapter2,-4.35,15.25
reagentMWP,A,1,SlideAdapter2,-4.35,15.25
reagentMWP,A,1,SlideAdapter2,-4.35,19.75
reagentMWP,A,1,SlideAdapter2,-4.35,19.75
reagentMWP,A,1,SlideAdapter2,0.15,6.25
reagentMWP,A,1,SlideAdapter2,0.15,6.25
reagentMWP,A,1,SlideAdapter2,0.15,10.75
reagentMWP,A,1,SlideAdapter2,0.15,10.75
reagentMWP,A,1,SlideAdapter2,0.15,15.25
reagentMWP,A,1,SlideAdapter2,0.15,15.25
reagentMWP,A,1,SlideAdapter2,0.15,19.75
reagentMWP,A,1,SlideAdapter2,0.15,19.75
reagentMWP,A,1,SlideAdapter2,4.65,6.25
reagentMWP,A,1,SlideAdapter2,4.65,6.25
reagentMWP,A,1,SlideAdapter2,4.65,10.75
reagentMWP,A,1,SlideAdapter2,4.65,10.75
reagentMWP,A,1,SlideAdapter2,4.65,15.25
reagentMWP,A,1,SlideAdapter2,4.65,15.25
reagentMWP,A,1,SlideAdapter2,4.65,19.75
reagentMWP,A,1,SlideAdapter2,4.65,19.75
reagentMWP,A,1,SlideAdapter2,9.15,6.25
reagentMWP,A,1,SlideAdapter2,9.15,6.25
reagentMWP,A,1,SlideAdapter2,9.15,10.75
reagentMWP,A,1,SlideAdapter2,9.15,10.75
reagentMWP,A,1,SlideAdapter2,9.15,15.25
reagentMWP,A,1,SlideAdapter2,9.15,15.25
reagentMWP,A,1,SlideAdapter2,9.15,19.75
reagentMWP,A,1,SlideAdapter2,9.15,19.75
reagentMWP,A,1,SlideAdapter2,13.65,6.25
reagentMWP,A,1,SlideAdapter2,13.65,6.25
reagentMWP,A,1,SlideAdapter2,13.65,10.75
reagentMWP,A,1,SlideAdapter2,13.65,10.75
reagentMWP,A,1,SlideAdapter2,13.65,15.25
reagentMWP,A,1,SlideAdapter2,13.65,15.25
reagentMWP,A,1,SlideAdapter2,13.65,19.75
reagentMWP,A,1,SlideAdapter2,13.65,19.75
reagentMWP,A,1,SlideAdapter2,18.15,6.25
reagentMWP,A,1,SlideAdapter2,18.15,6.25
reagentMWP,A,1,SlideAdapter2,18.15,10.75
reagentMWP,A,1,SlideAdapter2,18.15,10.75
reagentMWP,A,1,SlideAdapter2,18.15,15.25
reagentMWP,A,1,SlideAdapter2,18.15,15.25
reagentMWP,A,1,SlideAdapter2,18.15,19.75
reagentMWP,A,1,SlideAdapter2,18.15,19.75
reagentMWP,A,1,SlideAdapter2,22.65,6.25
reagentMWP,A,1,SlideAdapter2,22.65,6.25
reagentMWP,A,1,SlideAdapter2,22.65,10.75
reagentMWP,A,1,SlideAdapter2,22.65,10.75
reagentMWP,A,1,SlideAdapter2,22.65,15.25
reagentMWP,A,1,SlideAdapter2,22.65,15.25
reagentMWP,A,1,SlideAdapter2,22.65,19.75
reagentMWP,A,1,SlideAdapter2,22.65,19.75
17061E09131DF3000,-35.751,2.875,AdditionalMWPTarget1,A,1
17061E09131DF3000,-34.868,-15.052,AdditionalMWPTarget1,A,2
17061E09131DF3000,-34.369,-14.758,AdditionalMWPTarget1,A,3
17061E09131DF3000,-34.180,-14.665,AdditionalMWPTarget1,A,4
17061E09131DF3000,-34.022,11.113,AdditionalMWPTarget1,A,5
17061E09131DF3000,-32.991,11.050,AdditionalMWPTarget1,A,6
17061E09131DF3000,-32.162,11.107,AdditionalMWPTarget1,A,7
17061E09131DF3000,-30.419,10.216,AdditionalMWPTarget1,A,8
17061E09131DF3000,-25.596,-27.350,AdditionalMWPTarget1,A,9
17061E09131DF3000,-24.890,-27.071,AdditionalMWPTarget1,A,10
17061E09131DF3000,-23.062,-30.128,AdditionalMWPTarget1,A,11
17061E09131DF3000,-22.567,-29.069,AdditionalMWPTarget1,A,12
17061E09131DF3000,-21.385,-13.579,AdditionalMWPTarget1,B,1
17061E09131DF3000,-20.188,-11.806,AdditionalMWPTarget1,B,2
17061E09131DF3000,-20.160,5.496,AdditionalMWPTarget1,B,3
17061E09131DF3000,-20.086,-27.817,AdditionalMWPTarget1,B,4
17061E09131DF3000,-19.454,-29.402,AdditionalMWPTarget1,B,5
17061E09131DF3000,-19.234,31.500,AdditionalMWPTarget1,B,6
17061E09131DF3000,-19.115,-12.279,AdditionalMWPTarget1,B,7
17061E09131DF3000,-18.750,15.986,AdditionalMWPTarget1,B,8
17061E09131DF3000,-18.429,-1.724,AdditionalMWPTarget1,B,9
17061E09131DF3000,-18.072,10.609,AdditionalMWPTarget1,B,10
17061E09131DF3000,-17.891,-13.444,AdditionalMWPTarget1,B,11
17061E09131DF3000,-17.334,-3.299,AdditionalMWPTarget1,B,12
17061E09131DF3000,-17.103,-27.979,AdditionalMWPTarget1,C,1
17061E09131DF3000,-16.648,-16.644,AdditionalMWPTarget1,C,2
17061E09131DF3000,-16.143,13.166,AdditionalMWPTarget1,C,3
17061E09131DF3000,-15.852,20.153,AdditionalMWPTarget1,C,4
17061E09131DF3000,-15.672,14.458,AdditionalMWPTarget1,C,5
17061E09131DF3000,-15.151,19.875,AdditionalMWPTarget1,C,6
17061E09131DF3000,-14.914,15.516,AdditionalMWPTarget1,C,7
17061E09131DF3000,-14.837,-18.090,AdditionalMWPTarget1,C,8
17061E09131DF3000,-14.581,-13.089,AdditionalMWPTarget1,C,9
17061E09131DF3000,-14.568,-4.934,AdditionalMWPTarget1,C,10
17061E09131DF3000,-14.355,9.036,AdditionalMWPTarget1,C,11
17061E09131DF3000,-14.044,1.757,AdditionalMWPTarget1,C,12
17061E09131DF3000,-14.010,-14.466,AdditionalMWPTarget1,D,1
17061E09131DF3000,-13.337,-7.006,AdditionalMWPTarget1,D,2
17061E09131DF3000,-12.873,-19.908,AdditionalMWPTarget1,D,3
17061E09131DF3000,-12.757,-9.259,AdditionalMWPTarget1,D,4
17061E09131DF3000,-12.632,-20.978,AdditionalMWPTarget1,D,5
17061E09131DF3000,-12.377,5.689,AdditionalMWPTarget1,D,6
17061E09131DF3000,-12.339,-27.512,AdditionalMWPTarget1,D,7
17061E09131DF3000,-11.783,-15.759,AdditionalMWPTarget1,D,8
17061E09131DF3000,-11.468,-21.467,AdditionalMWPTarget1,D,9
17061E09131DF3000,-11.363,-14.190,AdditionalMWPTarget1,D,10
17061E09131DF3000,-11.361,-35.613,AdditionalMWPTarget1,D,11
17061E09131DF3000,-11.190,-6.959,AdditionalMWPTarget1,D,12
17061E09131DF3000,-11.172,-26.520,AdditionalMWPTarget1,E,1
17061E09131DF3000,-10.553,-19.828,AdditionalMWPTarget1,E,2
17061E09131DF3000,-10.413,-11.937,AdditionalMWPTarget1,E,3
17061E09131DF3000,-10.379,-17.190,AdditionalMWPTarget1,E,4
17061E09131DF3000,-10.120,15.186,AdditionalMWPTarget1,E,5
17061E09131DF3000,-9.863,2.844,AdditionalMWPTarget1,E,6
17061E09131DF3000,-9.151,-7.975,AdditionalMWPTarget1,E,7
17061E09131DF3000,-9.057,-24.277,AdditionalMWPTarget1,E,8
17061E09131DF3000,-8.915,-25.308,AdditionalMWPTarget1,E,9
17061E09131DF3000,-8.627,-6.769,AdditionalMWPTarget1,E,10
17061E09131DF3000,-8.565,-34.663,AdditionalMWPTarget1,E,11
17061E09131DF3000,-8.384,11.860,AdditionalMWPTarget1,E,12
17061E09131DF3000,-8.052,-28.544,AdditionalMWPTarget1,F,1
17061E09131DF3000,-7.932,-27.995,AdditionalMWPTarget1,F,2
17061E09131DF3000,-7.748,15.019,AdditionalMWPTarget1,F,3
17061E09131DF3000,-7.684,7.804,AdditionalMWPTarget1,F,4
17061E09131DF3000,-7.586,5.297,AdditionalMWPTarget1,F,5
17061E09131DF3000,-7.324,-33.876,AdditionalMWPTarget1,F,6
17061E09131DF3000,-7.320,-27.811,AdditionalMWPTarget1,F,7
17061E09131DF3000,-7.098,-23.706,AdditionalMWPTarget1,F,8
17061E09131DF3000,-7.018,2.341,AdditionalMWPTarget1,F,9
17061E09131DF3000,-6.847,-10.136,AdditionalMWPTarget1,F,10
17061E09131DF3000,-6.759,-12.410,AdditionalMWPTarget1,F,11
17061E09131DF3000,-5.891,26.898,AdditionalMWPTarget1,F,12
17061E09131DF3000,-5.890,35.903,AdditionalMWPTarget1,G,1
17061E09131DF3000,-5.547,-31.217,AdditionalMWPTarget1,G,2
17061E09131DF3000,-4.481,-14.312,AdditionalMWPTarget1,G,3
17061E09131DF3000,-4.171,14.186,AdditionalMWPTarget1,G,4
17061E09131DF3000,-3.795,18.866,AdditionalMWPTarget1,G,5
17061E09131DF3000,-3.690,30.975,AdditionalMWPTarget1,G,6
17061E09131DF3000,-3.606,-3.404,AdditionalMWPTarget1,G,7
17061E09131DF3000,-3.349,-16.764,AdditionalMWPTarget1,G,8
17061E09131DF3000,-3.333,10.328,AdditionalMWPTarget1,G,9
17061E09131DF3000,-3.292,-2.059,AdditionalMWPTarget1,G,10
17061E09131DF3000,-3.224,-25.337,AdditionalMWPTarget1,G,11
17061E09131DF3000,-3.154,-10.494,AdditionalMWPTarget1,G,12
17061E09131DF3000,-2.904,13.525,AdditionalMWPTarget1,H,1
17061E09131DF3000,-2.890,-10.495,AdditionalMWPTarget1,H,2
17061E09131DF3000,-2.711,-16.125,AdditionalMWPTarget1,H,3
17061E09131DF3000,-2.520,6.908,AdditionalMWPTarget1,H,4
17061E09131DF3000,-2.504,-35.373,AdditionalMWPTarget1,H,5
17061E09131DF3000,-2.495,-35.102,AdditionalMWPTarget1,H,6
17061E09131DF3000,-2.449,-36.118,AdditionalMWPTarget1,H,7
17061E09131DF3000,-2.249,-10.587,AdditionalMWPTarget1,H,8
17061E09131DF3000,-2.168,-11.233,AdditionalMWPTarget1,H,9
17061E09131DF3000,-2.071,25.445,AdditionalMWPTarget1,H,10
17061E09131DF3000,-1.866,28.780,AdditionalMWPTarget1,H,11
17061E09131DF3000,-1.801,6.808,AdditionalMWPTarget1,H,12
17061E09131DF3000,-1.779,-10.147,AdditionalMWPTarget2,A,1
17061E09131DF3000,-1.548,-31.178,AdditionalMWPTarget2,A,2
17061E09131DF3000,-0.974,37.087,AdditionalMWPTarget2,A,3
17061E09131DF3000,-0.883,10.512,AdditionalMWPTarget2,A,4
17061E09131DF3000,-0.592,-24.561,AdditionalMWPTarget2,A,5
17061E09131DF3000,-0.489,-23.613,AdditionalMWPTarget2,A,6
17061E09131DF3000,-0.060,10.670,AdditionalMWPTarget2,A,7
17061E09131DF3000,0.127,-36.501,AdditionalMWPTarget2,A,8
17061E09131DF3000,0.389,-18.553,AdditionalMWPTarget2,A,9
17061E09131DF3000,0.521,-18.072,AdditionalMWPTarget2,A,10
17061E09131DF3000,0.813,5.164,AdditionalMWPTarget2,A,11
17061E09131DF3000,1.150,6.073,AdditionalMWPTarget2,A,12
17061E09131DF3000,1.169,18.747,AdditionalMWPTarget2,B,1
17061E09131DF3000,2.380,-16.585,AdditionalMWPTarget2,B,2
17061E09131DF3000,2.459,-20.733,AdditionalMWPTarget2,B,3
17061E09131DF3000,2.543,-5.365,AdditionalMWPTarget2,B,4
17061E09131DF3000,2.833,7.780,AdditionalMWPTarget2,B,5
17061E09131DF3000,3.334,-12.144,AdditionalMWPTarget2,B,6
17061E09131DF3000,3.486,37.565,AdditionalMWPTarget2,B,7
17061E09131DF3000,3.521,-33.332,AdditionalMWPTarget2,B,8
17061E09131DF3000,4.105,-30.770,AdditionalMWPTarget2,B,9
17061E09131DF3000,4.650,1.300,AdditionalMWPTarget2,B,10
17061E09131DF3000,4.966,-3.162,AdditionalMWPTarget2,B,11
17061E09131DF3000,5.022,-21.562,AdditionalMWPTarget2,B,12
17061E09131DF3000,5.114,-16.573,AdditionalMWPTarget2,C,1
17061E09131DF3000,5.118,-1.021,AdditionalMWPTarget2,C,2
17061E09131DF3000,5.214,-5.539,AdditionalMWPTarget2,C,3
17061E09131DF3000,5.267,21.310,AdditionalMWPTarget2,C,4
17061E09131DF3000,5.452,4.593,AdditionalMWPTarget2,C,5
17061E09131DF3000,5.463,10.419,AdditionalMWPTarget2,C,6
17061E09131DF3000,5.578,-16.223,AdditionalMWPTarget2,C,7
17061E09131DF3000,6.024,18.852,AdditionalMWPTarget2,C,8
17061E09131DF3000,6.486,2.665,AdditionalMWPTarget2,C,9
17061E09131DF3000,6.563,-19.189,AdditionalMWPTarget2,C,10
17061E09131DF3000,6.597,-29.742,AdditionalMWPTarget2,C,11
17061E09131DF3000,6.628,-32.662,AdditionalMWPTarget2,C,12
17061E09131DF3000,6.774,32.931,AdditionalMWPTarget2,D,1
17061E09131DF3000,6.895,-12.389,AdditionalMWPTarget2,D,2
17061E09131DF3000,7.320,-34.803,AdditionalMWPTarget2,D,3
17061E09131DF3000,7.654,-4.749,AdditionalMWPTarget2,D,4
17061E09131DF3000,7.744,-14.011,AdditionalMWPTarget2,D,5
17061E09131DF3000,8.053,-9.936,AdditionalMWPTarget2,D,6
17061E09131DF3000,8.239,-4.693,AdditionalMWPTarget2,D,7
17061E09131DF3000,8.531,3.904,AdditionalMWPTarget2,D,8
17061E09131DF3000,8.594,-3.604,AdditionalMWPTarget2,D,9
17061E09131DF3000,8.829,8.728,AdditionalMWPTarget2,D,10
17061E09131DF3000,9.011,12.010,AdditionalMWPTarget2,D,11
17061E09131DF3000,9.512,4.414,AdditionalMWPTarget2,D,12
17061E09131DF3000,9.537,-10.999,AdditionalMWPTarget2,E,1
17061E09131DF3000,9.814,-21.989,AdditionalMWPTarget2,E,2
17061E09131DF3000,10.364,-17.621,AdditionalMWPTarget2,E,3
17061E09131DF3000,10.430,-1.452,AdditionalMWPTarget2,E,4
17061E09131DF3000,10.469,16.264,AdditionalMWPTarget2,E,5
17061E09131DF3000,10.556,12.759,AdditionalMWPTarget2,E,6
17061E09131DF3000,10.922,-3.492,AdditionalMWPTarget2,E,7
17061E09131DF3000,11.387,-27.865,AdditionalMWPTarget2,E,8
17061E09131DF3000,11.448,14.813,AdditionalMWPTarget2,E,9
17061E09131DF3000,11.563,-2.960,AdditionalMWPTarget2,E,10
17061E09131DF3000,11.851,-6.684,AdditionalMWPTarget2,E,11
17061E09131DF3000,11.993,-16.960,AdditionalMWPTarget2,E,12
17061E09131DF3000,12.415,-14.314,AdditionalMWPTarget2,F,1
17061E09131DF3000,12.544,-21.123,AdditionalMWPTarget2,F,2
17061E09131DF3000,12.836,26.801,AdditionalMWPTarget2,F,3
17061E09131DF3000,12.841,-31.951,AdditionalMWPTarget2,F,4
17061E09131DF3000,12.943,-14.110,AdditionalMWPTarget2,F,5
17061E09131DF3000,13.190,-32.981,AdditionalMWPTarget2,F,6
17061E09131DF3000,13.831,-6.148,AdditionalMWPTarget2,F,7
17061E09131DF3000,13.905,-17.736,AdditionalMWPTarget2,F,8
17061E09131DF3000,14.084,-12.844,AdditionalMWPTarget2,F,9
17061E09131DF3000,14.911,16.461,AdditionalMWPTarget2,F,10
17061E09131DF3000,16.498,-28.614,AdditionalMWPTarget2,F,11
17061E09131DF3000,16.502,-10.498,AdditionalMWPTarget2,F,12
17061E09131DF3000,16.722,-32.773,AdditionalMWPTarget2,G,1
17061E09131DF3000,16.984,9.932,AdditionalMWPTarget2,G,2
17061E09131DF3000,17.352,2.845,AdditionalMWPTarget2,G,3
17061E09131DF3000,17.506,29.588,AdditionalMWPTarget2,G,4
17061E09131DF3000,17.530,6.428,AdditionalMWPTarget2,G,5
17061E09131DF3000,17.920,32.370,AdditionalMWPTarget2,G,6
17061E09131DF3000,18.168,6.180,AdditionalMWPTarget2,G,7
17061E09131DF3000,19.950,9.098,AdditionalMWPTarget2,G,8
17061E09131DF3000,20.188,-30.584,AdditionalMWPTarget2,G,9
17061E09131DF3000,21.882,29.854,AdditionalMWPTarget2,G,10
17061E09131DF3000,24.649,24.479,AdditionalMWPTarget2,G,11
17061E09131DF3000,26.217,-27.115,AdditionalMWPTarget2,G,12
17061E09131DF3000,26.654,-18.830,AdditionalMWPTarget2,H,1
17061E09131DF3000,27.111,2.387,AdditionalMWPTarget2,H,2
17061E09131DF3000,27.204,-17.349,AdditionalMWPTarget2,H,3
17061E09131DF3000,29.955,8.965,AdditionalMWPTarget2,H,4
17061E09131DF3000,30.230,-3.090,AdditionalMWPTarget2,H,5
17061E09131DF3000,30.594,7.007,AdditionalMWPTarget2,H,6
17061E09131DF3000,30.709,21.873,AdditionalMWPTarget2,H,7
17061E09131DF3000,31.162,-9.055,AdditionalMWPTarget2,H,8
17061E09131DF3000,32.934,8.419,AdditionalMWPTarget2,H,9
17061E09131DF3000,34.362,7.800,AdditionalMWPTarget2,H,10
17061E09131DF3000,35.776,-8.794,AdditionalMWPTarget2,H,11
